{
	"shoes": [
    	{
        	"productNum": "12345678",
        	"productName": "Air Jordan 4",
        	"size": "9.5",
        	"quantity": "4",
        	"image": "aj1.png"
   	 	},
	    {
        	"productNum": "12345678",
        	"productName": "Air Jordan 4",
        	"size": "7.0",
        	"quantity": "10",
        	"image": "aj1.png"
	    },
	    {
        	"productNum": "90777867",
        	"productName": "Converse Low-Top",
        	"size": "12.5",
        	"quantity": "3",
        	"image": "converse.png"
	    },
	    {
        	"productNum": "678975",
        	"productName": "Reebok Fusion",
        	"size": "5.5",
        	"quantity": "8",
        	"image": "https://images.finishline.com/is/image/FinishLine/CN2127_BGM?$Main_gray$"
	    },
	    {
        	"productNum": "9000000",
        	"productName": "Adidas Shelltop",
        	"size": "8.5",
        	"quantity": "5",
        	"image": "adidas.png"
	    },
	    {
        	"productNum": "43292938",
        	"productName": "New Balance",
        	"size": "11",
        	"quantity": "2",
        	"image": "nb.png"
	    }

	] 
}